property_id,llm_estimate,reason
149510292,3600000,"Four-bedroom Chatswood house on a substantial 885sqm block; maintained full-brick construction supports value, but renovation standard and precise location are unknown."
150709348,2700000,"Renovated three-bedroom Bondi apartment with two bathrooms and parking; advertised 156sqm suggests generous accommodation, though its area basis is uncertain."
151056176,710000,"Contemporary two-bedroom Parramatta apartment with two bathrooms, parking and north-facing orientation; size, building and exact location are unspecified."
151134268,4400000,Four-bedroom Bondi house with parking on 392sqm of level land; rear-lane access and refreshed presentation support a premium.
151338640,1950000,Three-bedroom Chatswood townhouse with two bathrooms and parking; double-brick construction and a four-home complex support value.
151531204,1800000,"Three-bedroom Chatswood unit with two bathrooms, parking and a park outlook; presentation appears strong, but size and building details are unknown."
151840644,4200000,"Large five-bedroom Chatswood family house with three bathrooms and three parking spaces; substantial advertised area, with condition since its 1999 construction uncertain."
151893972,800000,Two-bedroom plus study Parramatta apartment with two bathrooms and parking; sixth-floor position and riverside setting support a premium.
152013200,620000,"One-bedroom Parramatta apartment with parking, high-floor position and described premium presentation; floor area and outlook are unknown."
152041592,560000,"Baseline estimate for a one-bedroom Parramatta apartment with parking; no size, condition or building information supports further adjustment."
