address,suburb,property_type,bedrooms,bathrooms,parking,advertised_area_m2,sold_date,description_excerpt,human_estimate
23 Cramer Crescent,Chatswood,House,4,2,1,885.0,12/12/2025,"Set on a generous 885sqm block, this well-maintained full brick family home offers a great opportunity to secure a foothold in one of Chatswood's",2600000
17/36-38 Penkivil Street,Bondi,Apartment,3,2,1,156.0,3/04/2026,"Step into effortless coastal elegance with this oversized security apartment, thoughtfully renovated to deliver light-filled living, privacy, and refined style. With minimal common walls",1000000
1601/11 Hassall Street,Parramatta,Apartment,2,2,1,,11/09/2026,Situated in Sydney’s second largest CBD: you will find this north-facing contemporary apartment offering a solid first homebuyers’ opportunity or as a lucrative investment,600000
3 Flood Street,Bondi,House,4,2,1,392.0,15/06/2026,"Occupying a substantial 392sqm approx. parcel of level land with prized rear lane access via Flood Lane, this beautifully refreshed residence is a rare",2000000
1/4 Sutherland Road,Chatswood,Townhouse,3,2,1,,16/07/2026,"Positioned within an exclusive boutique complex of just four, this solid double brick townhouse delivers a superb combination of space, comfort and low-maintenance living",1800000
5/35-43 Orchard Road,Chatswood,Unit,3,2,1,,11/07/2026,"*** SOLD! SOLD! SOLD! *** An elevated outlook over Chatswood Park creates an atmosphere of serene comfort in this exceptional apartment, impeccably presented for",1300000
11 Crick Street,Chatswood,House,5,3,3,746.1,21/08/2026,"*** SOLD! SOLD! SOLD! Prior to Auction *** Available on the market for the first time since originally constructed in 1999, this excellent family",3000000
D603/1 Broughton Street,Parramatta,Apartment,2,2,1,,25/08/2026,"Positioned on Level 6 of the highly regarded Promenade riverside development, this beautifully designed two-bedroom plus study apartment delivers the perfect combination of space,",700000
1607/45 Macquarie Street,Parramatta,Apartment,1,1,1,,10/09/2026,"1607/45 Macquarie Street, Parramatta NSW 2150 Enjoying a premium position on Level 16 of the renowned V by Crown development, this beautifully presented one-bedroom",500000
8/64-66 Great Western Highway,Parramatta,Apartment,1,1,1,,4/09/2026,,500000
