address,suburb,llm_estimate,reason
23 Cramer Crescent,Chatswood,3600000,"Four-bedroom Chatswood house on a substantial 885sqm block; maintained full-brick construction supports value, but renovation standard and precise location are unknown."
17/36-38 Penkivil Street,Bondi,2700000,"Renovated three-bedroom Bondi apartment with two bathrooms and parking; advertised 156sqm suggests generous accommodation, though its area basis is uncertain."
1601/11 Hassall Street,Parramatta,710000,"Contemporary two-bedroom Parramatta apartment with two bathrooms, parking and north-facing orientation; size, building and exact location are unspecified."
3 Flood Street,Bondi,4400000,Four-bedroom Bondi house with parking on 392sqm of level land; rear-lane access and refreshed presentation support a premium.
1/4 Sutherland Road,Chatswood,1950000,Three-bedroom Chatswood townhouse with two bathrooms and parking; double-brick construction and a four-home complex support value.
5/35-43 Orchard Road,Chatswood,1800000,"Three-bedroom Chatswood unit with two bathrooms, parking and a park outlook; presentation appears strong, but size and building details are unknown."
11 Crick Street,Chatswood,4200000,"Large five-bedroom Chatswood family house with three bathrooms and three parking spaces; substantial advertised area, with condition since its 1999 construction uncertain."
D603/1 Broughton Street,Parramatta,800000,Two-bedroom plus study Parramatta apartment with two bathrooms and parking; sixth-floor position and riverside setting support a premium.
1607/45 Macquarie Street,Parramatta,620000,"One-bedroom Parramatta apartment with parking, high-floor position and described premium presentation; floor area and outlook are unknown."
8/64-66 Great Western Highway,Parramatta,560000,"Baseline estimate for a one-bedroom Parramatta apartment with parking; no size, condition or building information supports further adjustment."
