address,suburb,sale_price,ml_estimate,llm_estimate,reason,human_estimate,ml_estimate_absolute_error,llm_estimate_absolute_error,human_estimate_absolute_error
23 Cramer Crescent,Chatswood,2675000,3304227.64468566,3600000,"Four-bedroom Chatswood house on a substantial 885sqm block; maintained full-brick construction supports value, but renovation standard and precise location are unknown.",2600000,629227.64468566,925000,75000
17/36-38 Penkivil Street,Bondi,2110000,1941919.1286067232,2700000,"Renovated three-bedroom Bondi apartment with two bathrooms and parking; advertised 156sqm suggests generous accommodation, though its area basis is uncertain.",1000000,168080.87139327684,590000,1110000
1601/11 Hassall Street,Parramatta,700000,619108.0400713476,710000,"Contemporary two-bedroom Parramatta apartment with two bathrooms, parking and north-facing orientation; size, building and exact location are unspecified.",600000,80891.95992865239,10000,100000
3 Flood Street,Bondi,4001000,3618020.500497499,4400000,Four-bedroom Bondi house with parking on 392sqm of level land; rear-lane access and refreshed presentation support a premium.,2000000,382979.499502501,399000,2001000
1/4 Sutherland Road,Chatswood,1460000,2496315.550751766,1950000,Three-bedroom Chatswood townhouse with two bathrooms and parking; double-brick construction and a four-home complex support value.,1800000,1036315.5507517662,490000,340000
5/35-43 Orchard Road,Chatswood,1742000,1988090.597843264,1800000,"Three-bedroom Chatswood unit with two bathrooms, parking and a park outlook; presentation appears strong, but size and building details are unknown.",1300000,246090.597843264,58000,442000
11 Crick Street,Chatswood,6200000,4136049.282119954,4200000,"Large five-bedroom Chatswood family house with three bathrooms and three parking spaces; substantial advertised area, with condition since its 1999 construction uncertain.",3000000,2063950.717880046,2000000,3200000
D603/1 Broughton Street,Parramatta,680000,612768.6133732364,800000,Two-bedroom plus study Parramatta apartment with two bathrooms and parking; sixth-floor position and riverside setting support a premium.,700000,67231.38662676362,120000,20000
1607/45 Macquarie Street,Parramatta,547000,489299.8983651105,620000,"One-bedroom Parramatta apartment with parking, high-floor position and described premium presentation; floor area and outlook are unknown.",500000,57700.10163488949,73000,47000
8/64-66 Great Western Highway,Parramatta,425000,474232.7082085352,560000,"Baseline estimate for a one-bedroom Parramatta apartment with parking; no size, condition or building information supports further adjustment.",500000,49232.708208535216,135000,75000
